category,artist,title,year,sound,texture,vocal,energy,dance,mood,bpm,explicit,status,notes
G1,MGMT,Electric Feel,2007,psych-pop,synth,male,3,4,sultry,,,proposed,
G1,MGMT,Kids,2008,synth-pop,synth,male,4,4,euphoric,,,proposed,
G1,Phoenix,Lisztomania,2009,indie-pop,guitar,male,4,4,euphoric,,,proposed,
G1,Phoenix,1901,2009,indie-pop,synth,male,4,4,euphoric,,,proposed,Same album as Lisztomania; the album rule allows it
G1,Gorillaz,Feel Good Inc.,2005,alt-hip-hop,groove,male,3,4,swagger,,,proposed,
G1,Gorillaz,DARE,2005,electro-funk,groove,mixed,4,5,playful,,,proposed,
G1,Foster the People,Houdini,2011,indie-pop,synth,male,4,4,euphoric,,,proposed,
G1,Foster the People,Sit Next to Me,2017,indie-pop,groove,male,3,4,sultry,,,proposed,
G1,The Strokes,Reptilia,2003,garage-rock,guitar,male,5,3,swagger,,,proposed,
G1,The Strokes,Someday,2001,garage-rock,guitar,male,4,3,upbeat,,,proposed,
G1,Arctic Monkeys,Why'd You Only Call Me When You're High?,2013,alt-rock,guitar,male,2,3,moody,,,flag,Low energy and moody; borderline against 'nothing that brings you down'
G1,Arctic Monkeys,Arabella,2013,alt-rock,guitar,male,4,3,swagger,,,flag,Heavy riff; borderline against 'no heavy guitars'
G1,Yeah Yeah Yeahs,Heads Will Roll,2009,dance-punk,synth,female,5,5,euphoric,,,proposed,
G1,Franz Ferdinand,Take Me Out,2004,dance-rock,guitar,male,5,4,swagger,,,proposed,
G1,Bloc Party,Banquet,2005,post-punk,guitar,male,5,4,urgent,,,proposed,
G1,Miike Snow,Genghis Khan,2016,synth-pop,synth,male,4,4,playful,,,proposed,
G1,Empire of the Sun,Walking on a Dream,2008,synth-pop,synth,male,4,4,euphoric,,,proposed,
G1,Passion Pit,Take a Walk,2012,synth-pop,synth,male,4,4,upbeat,,,proposed,
G1,M83,Midnight City,2011,synth-pop,synth,male,4,3,euphoric,,,proposed,
G1,Chromeo,Jealous (I Ain't With It),2014,electro-funk,groove,male,4,5,playful,,,proposed,Title corrected (previous list said 'I Ain't With You')
G1,Hot Chip,Over and Over,2006,electro,synth,male,4,5,hypnotic,,,proposed,
G1,LCD Soundsystem,Daft Punk Is Playing at My House,2005,dance-punk,groove,male,5,5,playful,,,proposed,
G1,TV on the Radio,Wolf Like Me,2006,indie-rock,guitar,male,5,3,intense,,,proposed,
G1,Portugal. The Man,Feel It Still,2017,indie-funk,groove,male,4,5,swagger,,,proposed,
G1,The Killers,Somebody Told Me,2004,dance-rock,guitar,male,5,4,urgent,,,proposed,
G1,The Neighbourhood,Sweater Weather,2012,alt-pop,guitar,male,2,2,moody,,,flag,This is the '2am car window' song the brief rules out
G1,Glass Animals,Gooey,2014,psych-pop,synth,male,2,3,sultry,,,flag,Low energy; consider Heat Waves or cut
G1,The Marías,No One Noticed,2024,dream-pop,synth,female,2,3,wistful,,,flag,Low energy and wistful; keep only if we need the female vocal
G1,Tame Impala,The Less I Know the Better,2015,psych-pop,groove,male,4,5,groove,,,proposed,Tame Impala's 2nd song (Dracula is in P1)
G1,Dominic Fike,3 Nights,2018,indie-pop,guitar,male,3,3,breezy,,,proposed,Fike's 2nd song
G1,Steve Lacy,Bad Habit,2022,alt-r&b,groove,male,3,4,sultry,,,proposed,Lacy's 2nd song
G1,Justice,D.A.N.C.E.,2007,electro,synth,group,5,5,euphoric,,,proposed,
G1,Scissor Sisters,I Don't Feel Like Dancin',2006,disco-pop,groove,male,4,5,euphoric,,,proposed,
G1,The Ting Tings,That's Not My Name,2008,dance-pop,guitar,female,5,5,cheeky,,,proposed,
G1,Friendly Fires,Paris,2008,indie-dance,synth,male,4,5,euphoric,,,proposed,
G1,Two Door Cinema Club,What You Know,2011,indie-pop,guitar,male,4,4,upbeat,,,proposed,
G1,The Rapture,House of Jealous Lovers,2002,dance-punk,groove,male,5,5,frantic,,,proposed,
G1,The Bravery,An Honest Mistake,2005,synth-rock,synth,male,4,3,urgent,,,proposed,
G1,Parcels,Tieduprightnow,2018,nu-disco,groove,male,4,5,groove,,,proposed,Replaces Tame Impala 'Lost in Yesterday' (3rd Tame song broke the 2-per-artist rule)
G1,Jungle,Casio,2023,nu-disco,groove,mixed,4,5,euphoric,,,proposed,Replaces Phoenix 'If I Ever Feel Better' (3rd Phoenix song); Jungle's 2nd song
